feature,outcome,r,p,n,p_fdr
indoor_mobility_min,gpa_spring,-0.6199691469168072,0.0002581325549903484,30,0.029621794109123224
conv_freq_day,pss_post,-0.5320125107307215,0.000490762141675018,39,0.029621794109123224
indoor_mobility_min_night,gpa_spring,-0.5971711546919194,0.0004940891387656451,30,0.029621794109123224
indoor_mobility_min_day,gpa_spring,-0.5916648054489502,0.0005738196549659597,30,0.029621794109123224
activity_min_night,gpa_spring,-0.5904767198945048,0.0005924358821824644,30,0.029621794109123224
activity_min_sd,gpa_spring,-0.5692111684641837,0.0010281545146545114,30,0.042839771443937975
stress,pss_pre,0.451892168156394,0.001832175734067653,45,0.06543484764527333
activity_min,gpa_spring,-0.536809764755947,0.0022251903831840836,30,0.06953719947450261
conv_min_day,flourishing_pre,0.433840226849467,0.00290748325161465,45,0.08076342365596251
stress,pss_post,0.43591027289890316,0.005538357518919599,39,0.13845893797298997
stress,phq9_post,0.43144486788626657,0.0068399656413532205,38,0.14708652353750243
conv_freq_evening,pss_post,-0.424504291856812,0.0070709391537569204,39,0.14708652353750243
activity_min_sd,gpa_overall,-0.4773121094770232,0.007648499223950126,30,0.14708652353750243
distance_km_day,phq9_post,-0.4146003400065795,0.009652535313429685,38,0.1618383046484625
conv_freq_day,phq9_pre,-0.3774506304127821,0.00971029827890775,46,0.1618383046484625
conv_freq_evening,phq9_post,-0.40718404743827585,0.011173758121502899,38,0.16459249012499153
conv_freq,pss_post,-0.3993781191526105,0.011776863910477942,39,0.16459249012499153
activity_min_evening,gpa_spring,-0.44770672683393564,0.0131061865826371,30,0.16459249012499153
conv_min_day,pss_post,-0.3924188575083772,0.01347597787265438,39,0.16459249012499153
sleep_hours_sr,phq9_pre,-0.36070276307208476,0.013793096103863142,46,0.16459249012499153
conv_min_evening,flourishing_pre,0.3627579609454727,0.014323821868987782,45,0.16459249012499153
colocations,flourishing_post,0.3927373226034305,0.016197473598310634,37,0.16459249012499153
activity_min_day,gpa_spring,-0.4353344893135845,0.01619850928448016,30,0.16459249012499153
conv_min,flourishing_pre,0.35638848158973174,0.016263799953850563,45,0.16459249012499153
conv_freq_day,phq9_post,-0.38674297388331186,0.016459249012499153,38,0.16459249012499153
colocations,gpa_overall,0.4307874123658653,0.017477426283729072,30,0.16805217580508724
conv_min_night,flourishing_post,0.38539455194184913,0.018492237473201757,37,0.17122442104816443
sleep_hours_sr,pss_pre,-0.3434770245473241,0.019435986365469275,46,0.17353559254883283
distance_km,phq9_post,-0.37065159915406276,0.02197500945879004,38,0.1870062930979058
indoor_mobility_min_day,gpa_overall,-0.4154004102407992,0.0224407551717487,30,0.1870062930979058
activity_min_evening,loneliness_post,-0.36925857701148357,0.0245015307140253,37,0.1975929896292363
conv_min,pss_post,-0.35784894201522377,0.02530571701821248,39,0.197700914204785
indoor_mobility_min_night,gpa_overall,-0.40503056025687634,0.02639782937146621,30,0.19998355584444097
dark_min,loneliness_pre,0.31952825713898003,0.030418007693384444,46,0.2236618212748856
conv_freq_evening,phq9_pre,-0.30809622039519635,0.03724446475449178,46,0.2660318911035127
sleep_hours_sr,pss_post,-0.3276881757195116,0.041705891470856175,39,0.2896242463253901
indoor_mobility_min,gpa_overall,-0.3670049777861494,0.046044449130185225,30,0.3030006995400559
colocations,phq9_post,-0.3254975451753393,0.046135646493161264,38,0.3030006995400559
stress,phq9_pre,0.2972448567427237,0.047374116315171626,45,0.3030006995400559
distance_km_day,phq9_pre,-0.29212941631434497,0.0488385691097334,46,0.3030006995400559
stress,loneliness_post,0.32337563207654396,0.050900487104861385,37,0.3030006995400559
distance_km,phq9_pre,-0.28961715073254407,0.050904117522729386,46,0.3030006995400559
conv_min_day,gpa_spring,0.3572668538331666,0.0525996185321248,30,0.30581173565188835
dark_morning_min,flourishing_pre,0.28926771616922975,0.05394371705559786,45,0.30649839236135146
conv_min_day,phq9_post,-0.3111421158435052,0.057244883704008126,38,0.31802713168893404
dark_morning_min,loneliness_pre,-0.2797259511853063,0.059732926224108696,46,0.3246354686092864
activity_min_day,gpa_overall,-0.34115389025556037,0.06504206842142217,30,0.3459684490501179
sleep_hours_sr,flourishing_pre,0.27393187547013054,0.06862421550509962,45,0.3549091038287985
colocations,flourishing_pre,0.2730443795389738,0.06956218435044449,45,0.3549091038287985
activity_min_night,gpa_overall,-0.33123245259115436,0.07377513663409171,30,0.36887568317045855
conv_min_evening,pss_post,-0.28797672054151086,0.07544049915483311,39,0.3698063684060447
activity_min,loneliness_post,-0.2907105232400483,0.08088896060004387,37,0.3888892336540571
conv_freq,phq9_post,-0.28179105218651906,0.08653291961091136,38,0.40338827797533494
activity_min,gpa_overall,-0.31695592124887345,0.08789808373272953,30,0.40338827797533494
conv_min,flourishing_post,0.2837706092959753,0.08874542115457369,37,0.40338827797533494
indoor_mobility_min,loneliness_post,-0.28207654505929064,0.09074965425558783,37,0.40513238506958854
conv_freq_day,gpa_overall,0.31171895544817174,0.09356530891817874,30,0.4103741619218366
conv_freq,phq9_pre,-0.24689325542259946,0.09809770470171439,46,0.42283493405911377
dark_min,phq9_post,0.26551932960069297,0.10714392360859883,38,0.4538730638587417
distance_km_day,loneliness_post,-0.2661949509667894,0.11127010963735505,37,0.4538730638587417
distance_km_day,flourishing_pre,0.23938144667443878,0.11324944155239992,45,0.4538730638587417
distance_km,loneliness_post,-0.2643271309788723,0.11389661510863998,37,0.4538730638587417
conv_min_evening,loneliness_post,-0.26398972195828174,0.11437601209240292,37,0.4538730638587417
activity_min_sd,loneliness_post,-0.2579633749757127,0.12319629020988913,37,0.4767094976135269
conv_min,phq9_post,-0.25393754932002205,0.12394446937951699,38,0.4767094976135269
conv_freq_day,flourishing_pre,0.2296703429940977,0.12909259552983043,45,0.4889871042796608
sleep_hours_sr,phq9_post,-0.24672141892663857,0.1353635838299459,38,0.5014530589344841
conv_min_evening,phq9_post,-0.246092043121631,0.13639523203017967,38,0.5014530589344841
sleep_h,flourishing_post,-0.24504732133268056,0.14379650495131113,37,0.521001829533736
conv_min_evening,loneliness_pre,-0.2143325556883412,0.15261615674827683,46,0.5216619584948209
conv_min_day,flourishing_post,0.23923642839500794,0.1538463783994362,37,0.5216619584948209
conv_min,loneliness_pre,-0.21339559559768942,0.15446092788594387,46,0.5216619584948209
pa,gpa_overall,0.2665570521349952,0.1544847237368855,30,0.5216619584948209
conv_freq_day,loneliness_pre,-0.212910047126741,0.15542332826334931,46,0.5216619584948209
activity_min_day,loneliness_post,-0.23552687958254886,0.160523374254136,37,0.5216619584948209
distance_km,flourishing_pre,0.21263234331491143,0.16081442594450143,45,0.5216619584948209
stress,loneliness_pre,0.21197255752516117,0.16214778642317246,45,0.5216619584948209
distance_km_day,flourishing_post,-0.23431006117425635,0.1627585310503841,37,0.5216619584948209
conv_freq_night,flourishing_pre,-0.2083193382516378,0.1696764505867359,45,0.5259661348284869
conv_min_night,loneliness_post,-0.22885625913489543,0.17305257778971114,37,0.5259661348284869
conv_freq_day,gpa_spring,0.2547536743128298,0.17427556260893917,30,0.5259661348284869
distance_km,flourishing_post,-0.22800811326400247,0.17469434111927978,37,0.5259661348284869
indoor_mobility_min_day,loneliness_pre,0.2033927965029451,0.1751840425146664,46,0.5259661348284869
conv_min_evening,pss_pre,-0.20177018340836386,0.17872591455673964,46,0.5259661348284869
colocations,phq9_pre,-0.19964004331574062,0.1834532990513032,46,0.5259661348284869
dark_min,loneliness_post,0.2233235334534123,0.18396286399454637,37,0.5259661348284869
indoor_mobility_min_night,loneliness_post,-0.2232021992835776,0.1842074627416768,37,0.5259661348284869
distance_km_day,pss_post,-0.21670379890621552,0.18514007945962738,39,0.5259661348284869
conv_min_night,loneliness_pre,-0.19787978317670035,0.18742676930145397,46,0.526479689049028
conv_freq_evening,loneliness_post,-0.21928050647658326,0.19223762006383294,37,0.5286416725678822
stress,flourishing_pre,-0.20026828807189342,0.19242556881470912,44,0.5286416725678822
indoor_mobility_min_day,loneliness_post,-0.21630523498600457,0.19849183457770467,37,0.537371597026722
dark_morning_min,phq9_post,-0.21265612567766315,0.1999022340939406,38,0.537371597026722
conv_freq_day,flourishing_post,0.2105787337223119,0.2109267531978006,37,0.560975407440959
distance_km,pss_post,-0.20195999963638692,0.2175916104713591,39,0.5717753287886662
colocations,pss_post,-0.19738399652747546,0.2284154821029568,39,0.5717753287886662
conv_freq_day,pss_pre,-0.18107741189057552,0.228468147734243,46,0.5717753287886662
pa,flourishing_post,0.20236056950178377,0.22969753199863124,37,0.5717753287886662
dark_morning_min,gpa_overall,0.22566245798986115,0.2305177413802597,30,0.5717753287886662
sleep_h,phq9_pre,-0.1802421845776616,0.2306577929474916,46,0.5717753287886662
conv_min_day,gpa_overall,0.22520376566793157,0.23149204602151863,30,0.5717753287886662
conv_min_day,phq9_pre,-0.1792474513096028,0.23328433414577582,46,0.5717753287886662
colocations,loneliness_post,-0.19902990471520046,0.2376189151321514,37,0.5734356914036313
conv_freq,flourishing_post,0.19765232488772505,0.24094854269860325,37,0.5734356914036313
conv_min_evening,flourishing_post,0.1971684191646888,0.24212556967251897,37,0.5734356914036313
conv_freq,loneliness_pre,-0.1753860613013884,0.24367376378211014,46,0.5734356914036313
colocations,gpa_spring,0.21877862054487737,0.2454304759207542,30,0.5734356914036313
sleep_hours_sr,flourishing_post,0.19407178464237837,0.24974919639375417,37,0.5736192425586484
distance_km,gpa_spring,-0.21439244516653208,0.2552586997760672,30,0.5736192425586484
activity_min_sd,phq9_pre,0.1709383676398182,0.2560242364842641,46,0.5736192425586484
distance_km,loneliness_pre,-0.16994623854796947,0.2588354647950474,46,0.5736192425586484
indoor_mobility_min_night,loneliness_pre,0.16982628080622061,0.2591767625334073,46,0.5736192425586484
activity_min_evening,flourishing_post,0.1892578230926331,0.2619160998693667,37,0.5736192425586484
conv_freq,gpa_overall,0.21079023441340952,0.26352103285982215,30,0.5736192425586484
conv_freq_evening,loneliness_pre,-0.1663491951453766,0.2692004787652077,46,0.5736192425586484
conv_freq_evening,gpa_overall,0.20810047177178032,0.26980295409325383,30,0.5736192425586484
sleep_h,pss_pre,-0.16599339374416686,0.27024046997563383,46,0.5736192425586484
conv_min,loneliness_post,-0.18585521569353405,0.27074828248768207,37,0.5736192425586484
conv_min_day,loneliness_pre,-0.1640545685888029,0.2759542595777689,46,0.5781995135150618
dark_morning_min,gpa_spring,0.2048446347612039,0.2775357664872297,30,0.5781995135150618
activity_min_sd,pss_post,0.176735512415054,0.28179147939402827,39,0.5822138004008849
conv_min,pss_pre,-0.15899088196771802,0.2912498568850005,46,0.592588883475252
indoor_mobility_min_night,phq9_post,0.1756306331767015,0.29155373066982393,38,0.592588883475252
activity_min_sd,loneliness_pre,0.15639688909649588,0.2992944755684443,46,0.602707304993904
conv_min_day,pss_pre,-0.1557401564129893,0.301353652496952,46,0.602707304993904
conv_freq,loneliness_post,-0.17228854284153855,0.30788454036476104,37,0.610188375767564
activity_min_evening,gpa_overall,-0.19178395895072065,0.30997569488992255,30,0.610188375767564
activity_min_night,loneliness_post,-0.16889907438290966,0.3176426608954843,37,0.6152610291248966
sleep_h,phq9_post,-0.16635098796084566,0.3181930605278943,38,0.6152610291248966
indoor_mobility_min_day,pss_post,0.16350650951090429,0.31993573514494617,39,0.6152610291248966
pa,gpa_spring,0.18653654553353244,0.32364877848062584,30,0.6176503406118813
sleep_h,flourishing_pre,0.1483508122945101,0.33077265692017604,45,0.6219081242019062
conv_freq_evening,pss_pre,-0.14517981190881413,0.33571207734713776,46,0.6219081242019062
indoor_mobility_min,pss_post,0.1573336318880582,0.338791482103716,39,0.6219081242019062
sleep_hours_sr,gpa_spring,0.1801225188831852,0.34085767114824955,30,0.6219081242019062
colocations,loneliness_pre,-0.14327905172295186,0.34214495966249237,46,0.6219081242019062
conv_freq_evening,flourishing_pre,0.1446429413059059,0.3431355884550995,45,0.6219081242019062
dark_min,phq9_pre,0.14276811746989349,0.34388704452403146,46,0.6219081242019062
conv_min_night,pss_post,-0.15509950624146984,0.34578091705625985,39,0.6219081242019062
activity_min_sd,phq9_post,0.1554225615259191,0.3514589704229758,38,0.6276053043267426
conv_freq_day,loneliness_post,-0.15288205928508208,0.36633822130901483,37,0.649535853384778
dark_morning_min,pss_pre,-0.1340780509206764,0.37434929923217,46,0.6564102249842653
indoor_mobility_min_night,phq9_pre,0.133767560601416,0.37546664869099977,46,0.6564102249842653
stress,gpa_spring,-0.16624796134570397,0.37993365080541786,30,0.6596070326482949
conv_freq_night,flourishing_post,0.14608558187223986,0.38827676807883016,37,0.66944270358419
indoor_mobility_min,phq9_pre,0.1293009254206239,0.39175973502127637,46,0.670821464077528
activity_min_night,loneliness_pre,0.12716499956132918,0.39969511666933616,46,0.6755529415061117
indoor_mobility_min_day,phq9_post,0.13949380076929893,0.40356706030343265,38,0.6755529415061117
indoor_mobility_min,loneliness_pre,0.12368157398869122,0.41283501863999394,46,0.6755529415061117
conv_freq_evening,gpa_spring,0.15500225344794288,0.41343250691113387,30,0.6755529415061117
distance_km_day,loneliness_pre,-0.12306575262856477,0.4151833937022523,46,0.6755529415061117
stress,gpa_overall,-0.1534042255157128,0.4183230164243984,30,0.6755529415061117
sleep_h,loneliness_post,0.13691915454011627,0.4190459806871918,37,0.6755529415061117
indoor_mobility_min_day,phq9_pre,0.12192364314819198,0.41955883006398353,46,0.6755529415061117
conv_min,phq9_pre,-0.1214252672447682,0.4214762851341929,46,0.6755529415061117
indoor_mobility_min_night,pss_post,0.13244263530244468,0.42154503549981365,39,0.6755529415061117
activity_min_night,phq9_post,0.13340654881254613,0.4245917949122273,38,0.6761015842551391
conv_freq,gpa_spring,0.14717933030045044,0.43767733474759263,30,0.6908019074891271
stress,flourishing_post,-0.13107724605137341,0.4393500131630848,37,0.6908019074891271
indoor_mobility_min,phq9_post,0.1254317288818347,0.4530410526332505,38,0.7063703474355977
activity_min_night,pss_post,0.12321011869637466,0.4549025037485249,39,0.7063703474355977
distance_km_day,gpa_spring,-0.1403444850259657,0.45947711602939445,30,0.7090696235021519
activity_min_night,pss_pre,0.10937602491683174,0.46932111469688387,46,0.7153578710879656
dark_morning_min,loneliness_post,-0.12166135552453117,0.47318379022429613,37,0.7153578710879656
activity_min_night,phq9_pre,0.1078273416615032,0.47567376396342365,46,0.7153578710879656
pa,flourishing_pre,0.10774489949304535,0.481127244567266,45,0.7153578710879656
pa,loneliness_post,0.11938582280893789,0.4815610033869647,37,0.7153578710879656
conv_freq,pss_pre,-0.10580366316409698,0.4840429546605537,46,0.7153578710879656
activity_min,flourishing_post,0.1184611847953403,0.4849869064279232,37,0.7153578710879656
conv_freq_night,loneliness_post,-0.11806912178772305,0.48644335233981656,37,0.7153578710879656
conv_freq_evening,flourishing_post,0.1151623188208962,0.4973117679618066,37,0.7270639882482552
sleep_hours_sr,gpa_overall,0.1136688555729157,0.5497873435452538,30,0.7991095109669387
conv_freq_night,loneliness_pre,-0.08707512291203784,0.5650112941971711,46,0.8164903095334842
conv_freq_night,gpa_overall,0.10724231041012616,0.5727118918665645,30,0.8228619136013857
activity_min_night,flourishing_post,0.09426402317874151,0.5789331085404106,37,0.8270472979148722
dark_morning_min,flourishing_post,0.09218943353288615,0.587351912936473,37,0.8324383555008672
conv_min,gpa_overall,0.10119821564875536,0.594655146642626,30,0.8324383555008672
activity_min,phq9_pre,0.07984461616713225,0.5978653960889154,46,0.8324383555008672
indoor_mobility_min_night,flourishing_pre,-0.08059142990211579,0.598702121656823,45,0.8324383555008672
activity_min_evening,loneliness_pre,-0.0795209158108793,0.5993556159606244,46,0.8324383555008672
conv_freq_night,phq9_pre,0.07862188016901925,0.6035030020996628,46,0.8335676824580978
activity_min_night,flourishing_pre,-0.07779434031170654,0.6114912276956965,45,0.8399604776039789
activity_min_evening,flourishing_pre,0.07678783445052807,0.6161216416470835,45,0.8416962317583108
distance_km_day,pss_pre,-0.07504248446325185,0.6201372668900521,46,0.8425778082745274
activity_min_day,loneliness_pre,0.0694563719339046,0.6464737637975831,46,0.8736131943210583
conv_min,gpa_spring,0.0850509432752999,0.6549761375195381,30,0.8803442708595941
conv_freq,flourishing_pre,0.06629508648591026,0.6652450850411259,45,0.8854638403442661
activity_min_evening,phq9_pre,0.06540070336605615,0.665868807938888,46,0.8854638403442661
activity_min_evening,pss_pre,-0.06284608925491966,0.6781982210811082,46,0.8873884958743937
sleep_h,gpa_overall,0.07876157764515981,0.6790879574931625,30,0.8873884958743937
colocations,pss_pre,-0.061831818862141896,0.6831168120716797,46,0.8873884958743937
conv_min_day,loneliness_post,-0.06928787094225888,0.6836507899271277,37,0.8873884958743937
conv_min_night,gpa_overall,0.07696594445103114,0.6860306043995001,30,0.8873884958743937
activity_min_evening,phq9_post,-0.06707317053216162,0.6890784488729815,38,0.8873884958743937
pa,phq9_post,-0.06509084494027786,0.6978270319492514,38,0.8873884958743937
activity_min_day,phq9_pre,0.058717737439844236,0.6982987868445177,46,0.8873884958743937
conv_min_evening,phq9_pre,-0.058520959163347326,0.6992621347490222,46,0.8873884958743937
conv_min_evening,gpa_spring,-0.07175872033088675,0.7063041977125661,30,0.8917982294350583
sleep_h,loneliness_pre,0.05533854848841367,0.7149059271123385,46,0.8981230240104754
activity_min_day,flourishing_pre,0.054909051721869676,0.7201589259070112,45,0.9001986573837641
conv_min_night,flourishing_pre,0.05334290646870445,0.7278300527040763,45,0.9003516923179977
pa,loneliness_pre,0.050269026760597975,0.7400643749051847,46,0.9003516923179977
dark_min,gpa_overall,-0.06251049278960108,0.7427931312975775,30,0.9003516923179977
dark_min,flourishing_post,0.05491323717069788,0.7468441998745527,37,0.9003516923179977
pa,pss_post,-0.05308061661630743,0.7482637688492949,39,0.9003516923179977
indoor_mobility_min_day,pss_pre,-0.04795694495157428,0.7516301118658939,46,0.9003516923179977
dark_min,flourishing_pre,0.04820992618564986,0.7531531996643251,45,0.9003516923179977
indoor_mobility_min_night,flourishing_post,0.05313539577461373,0.7547841659512524,37,0.9003516923179977
distance_km,pss_pre,-0.046600009792452095,0.7584432641880806,46,0.9003516923179977
sleep_hours_sr,loneliness_post,-0.052295718829700195,0.7585429130367963,37,0.9003516923179977
sleep_h,pss_post,0.05055118006470631,0.75989682831639,39,0.9003516923179977
indoor_mobility_min,flourishing_post,0.05072516840274989,0.7655879666834308,37,0.9028159984474419
activity_min,pss_post,0.04524895558492404,0.7844490345694809,39,0.9117515877227629
dark_min,pss_pre,-0.04131594056236115,0.7851430575931857,46,0.9117515877227629
conv_freq_night,gpa_spring,0.051745539578920224,0.7859597570242403,30,0.9117515877227629
activity_min_evening,pss_post,0.043758781954150616,0.7913876795660284,39,0.9117515877227629
sleep_h,gpa_spring,0.04621930792501071,0.8083725303496128,30,0.9117515877227629
conv_freq_night,pss_pre,0.03646760705871087,0.8098585545378476,46,0.9117515877227629
activity_min,flourishing_pre,0.035847924811402705,0.8151532584129111,45,0.9117515877227629
activity_min_sd,flourishing_pre,-0.035001546157208706,0.8194440181989666,45,0.9117515877227629
activity_min_day,flourishing_post,0.03816608699956631,0.8225482527328662,37,0.9117515877227629
distance_km,gpa_overall,-0.04184565136646296,0.8262177237522061,30,0.9117515877227629
distance_km_day,gpa_overall,-0.04147414588194285,0.8277375723397415,30,0.9117515877227629
conv_min_night,phq9_post,-0.036438713137701896,0.8280589174330011,38,0.9117515877227629
dark_morning_min,pss_post,0.03571132048637227,0.8291203600443867,39,0.9117515877227629
indoor_mobility_min,pss_pre,-0.03247240686633309,0.8303646574364016,46,0.9117515877227629
activity_min_day,pss_pre,-0.031698836414134325,0.8343485215602308,46,0.9117515877227629
activity_min,loneliness_pre,0.03127467483274162,0.8365346911472956,46,0.9117515877227629
conv_min_night,pss_pre,-0.03023537078154141,0.8418964867645489,46,0.9117515877227629
indoor_mobility_min_day,flourishing_pre,-0.03008150323076792,0.8444859790380521,45,0.9117515877227629
indoor_mobility_min_night,pss_pre,0.029492953921418825,0.8457309874520298,46,0.9117515877227629
activity_min_day,phq9_post,-0.03256505512859332,0.8461054734067239,38,0.9117515877227629
conv_freq_night,pss_post,-0.03054617945717391,0.8535449276686711,39,0.9158207378419218
dark_min,pss_post,0.028260793719912688,0.8643964204481693,39,0.921056926040998
indoor_mobility_min_day,flourishing_post,-0.02842906682242096,0.8673499374010849,37,0.921056926040998
conv_min_night,gpa_spring,-0.03132465884590417,0.869477738182702,30,0.921056926040998
conv_freq_night,phq9_post,0.024920631079554716,0.881938501186511,38,0.9303148746693154
conv_min_evening,gpa_overall,0.02618755269687219,0.8907433600693295,30,0.9356547899887916
pa,phq9_pre,0.01953772595798433,0.8974551887227802,46,0.938760657659812
dark_min,gpa_spring,-0.022527612606581905,0.9059404143069023,30,0.9436879315696899
conv_min_night,phq9_pre,0.014456928155974515,0.9240303714004863,46,0.9552249366486126
activity_min_sd,flourishing_post,0.01609848405742733,0.924657738675857,37,0.9552249366486126
indoor_mobility_min,flourishing_pre,-0.012677619756754943,0.9341265384392539,45,0.9591279971144041
activity_min,pss_pre,-0.011334412665672798,0.9404053021410198,46,0.9591279971144041
sleep_hours_sr,loneliness_pre,-0.011228178987404,0.9409628735062916,46,0.9591279971144041
activity_min_day,pss_post,-0.01167115716458456,0.9437819491605736,39,0.9591279971144041
pa,pss_pre,-0.009191621509870988,0.9516569135414344,46,0.9632154995358647
activity_min,phq9_post,-0.0050931618372975045,0.975789742653092,38,0.9836590147712622
dark_morning_min,phq9_pre,0.0010763997437161351,0.9943354020204006,46,0.9968812357453324
activity_min_sd,pss_pre,-0.0005926313010688812,0.9968812357453324,46,0.9968812357453324
