,count,mean,std,min,25%,50%,75%,max,share_missing
pa,1995.0,8.93,2.91,1.0,7.0,9.0,11.0,16.0,0.243
valence,1995.0,0.03,1.1,-2.0,-0.86,0.0,1.0,2.0,0.243
arousal,1995.0,0.28,0.97,-2.0,-0.33,0.33,1.0,2.0,0.243
stress,1166.0,3.15,1.0,1.0,2.5,3.0,4.0,5.0,0.576
sleep_h,2512.0,6.15,0.43,4.93,5.9,6.16,6.4,7.55,0.114
sleep_hours_sr,1137.0,6.17,1.14,2.5,5.5,6.0,6.5,12.0,0.592
bedtime_h,2518.0,25.05,2.84,18.0,23.67,25.0,26.5,35.33,0.08
activity_min,2523.0,73.72,82.89,0.0,30.0,60.0,100.0,1440.0,0.034
conv_min,2396.0,314.59,179.91,1.0,178.58,304.23,433.04,1139.37,0.09
conv_freq,2396.0,30.78,15.37,1.0,21.0,30.0,39.0,120.0,0.09
colocations,2400.0,40.12,32.9,1.0,15.0,34.0,57.0,289.0,0.088
distance_km,2448.0,6.28,8.35,0.0,1.89,3.41,6.22,118.87,0.066
dark_min,2235.0,611.83,310.45,0.78,380.96,608.72,831.86,1504.47,0.186
dark_morning_min,1487.0,168.58,70.43,0.18,118.51,188.5,235.02,433.83,0.489
deadlines,2285.0,0.29,0.57,0.0,0.0,0.0,0.0,3.0,0.097
