predictor,level,coef_per_SD,ci_low,ci_high,p,n_days,n_students
"sleep (inferred, h)",within-person,-0.009048013759148068,-0.14955966776303967,0.13146364024474352,0.8995667929237046,2043,49
"sleep (inferred, h)",between-person,-0.08830442528465163,-0.7731853223530318,0.5965764717837285,0.8004954321643889,2043,49
activity yesterday (min),within-person,0.08169519670340303,-0.05355921301949179,0.21694960642629785,0.23647622089824683,1936,49
activity yesterday (min),between-person,-0.042642770625009714,-0.8365378116805264,0.7512522704305069,0.9161566061816623,1936,49
conversation yesterday (min),within-person,-0.059692310377390354,-0.207681586090798,0.08829696533601732,0.42919931059373506,1830,49
conversation yesterday (min),between-person,0.5575979170407669,-0.09510301203008864,1.2102988461116224,0.09405520256111989,1830,49
phone dark 6-10am yesterday (min),within-person,0.15392367588704206,-0.010987486059524765,0.3188348378336089,0.06734299240589739,1163,49
phone dark 6-10am yesterday (min),between-person,0.393651527829291,-0.39281017713722777,1.1801132327958097,0.32657776551388207,1163,49
"sleep (self-report, h)",within-person,0.01649735191359415,-0.12365060697595044,0.15664531080313873,0.8175363345663806,1209,49
"sleep (self-report, h)",between-person,0.1154455338407789,-0.9808528254535911,1.211743893135149,0.8364833817188602,1209,49
