uid,mae,sd,n
u42,0.8394398401874614,0.4714045207910317,10
u23,0.8443513341403104,0.7147815739180037,7
u19,1.2028048161045288,1.1160700488391953,13
u35,1.2151565708524825,1.124393814252509,12
u20,1.246764599900776,1.5099668870541498,3
u36,1.7746488778311205,2.1351497896242506,12
u52,1.8022620617575738,2.6295534300680203,12
u51,1.8493788104044975,2.0361874681490315,14
u14,1.8897124595993793,2.4486597034774644,11
u16,1.8964856114794217,2.486211690635641,13
u04,1.8979897389962326,1.5398262287722,10
u10,2.0063137311685444,2.1933758081773025,13
u49,2.035950405425552,2.2485175025256736,13
u02,2.1400792997665365,2.950204010522612,12
u24,2.189836221282422,3.101791596982478,9
u59,2.2018913039184005,2.6989314124724935,14
u00,2.2171482896953765,2.456560487994424,14
u32,2.2366276619379666,2.229281716090851,12
u53,2.260173778184054,2.199219328890517,12
u57,2.2711941648525196,2.7971934332269615,14
u18,2.369519731643155,2.8248238227595066,10
u46,2.407794967729921,2.766867462592951,10
u58,2.515224863123026,2.178571651968889,14
u07,2.6080737678124355,2.0232445523264158,6
u45,2.825267916572949,3.4208742964892696,7
u56,2.8741948630799254,3.0595932917809696,9
u17,2.91968101861877,2.321747480592229,12
u47,2.9568905742955316,3.417392489687339,8
u33,3.142781771260046,3.4571332707563434,14
u08,3.267329642676485,3.2820024990911274,12
u34,3.2750548816728005,4.08656334834051,5
u41,3.2915409910852924,4.4973537192654165,7
u27,3.343638063592186,4.061293850992285,12
u30,3.348814705046201,3.5873454836477094,7
u25,3.397429262010559,3.2050307677496988,5
u44,3.4081163464512216,3.4370970838247152,11
u01,3.4405293217736923,3.100179206289712,9
u43,3.4881614578530433,4.565875843934242,10
u12,3.6895426561913096,4.248053624421377,11
u31,3.71949495615132,4.100975493708784,5
u22,3.78617041293826,4.49595778045528,11
u03,4.1429103272633325,5.078549661730863,8
u15,4.405659003976844,4.69041575982343,4
u54,4.6012943530316495,5.17452119938233,8
u50,4.997289601202386,5.292158769769142,4
