feature,importance,std
pa_past_mean,0.2511078510366247,0.028767354418913045
pa_lag3,0.14884520585090455,0.019384387670846496
valence_lag1,0.017905110916914067,0.005791029239683531
weekday,0.01270630080000148,0.008139087556000782
dark_morning_min_lag1,0.010688991354063648,0.005602465091755209
bedtime_h,0.006001179616399588,0.00416516179303088
waketime_h,0.005248767895648232,0.004795901403175869
sleep_quality_sr,0.003314687621968315,0.00597963930493529
activity_min_lag1,0.002569434968985118,0.0014852478281005379
sleep_h,0.0019442031370624946,0.0018327308134996009
dark_min_day_lag1,0.0013945093890685768,0.010121653202949861
colocations_lag1,0.0013928463022905735,0.009186139282922532
activity_min_evening_lag1,0.0012702410724250602,0.002126204693447214
conv_freq_lag1,0.000799620758878139,0.001986042827210819
deadlines_next2,0.0006180263569865562,0.0010855272887089287
distance_km_lag1,0.0005117530151379724,0.01181801693430797
walk_min_code_lag1,0.00030186900034949725,0.002311614131649608
deadlines,5.600650610491087e-05,0.003951616328377687
exercise_min_code_lag1,-0.0009981308948723954,0.00275850998139048
indoor_mobility_min_lag1,-0.0010638341806710415,0.003298316468381552
conv_min_lag1,-0.0018757305563462446,0.0013763049492064542
arousal_lag1,-0.003973672650628757,0.004708800408728752
stress_lag1,-0.004223105600399113,0.0053530260474845765
weekend,-0.004630622208374069,0.003994670009506231
week,-0.005251130810714222,0.003558922093174904
sleep_hours_sr,-0.00621383856647797,0.0036852871077381103
pa_lag1,-0.00890652464358912,0.005119374111332122
