split,features,model,MAE,RMSE,R2,Spearman,n,target
temporal,all features,baseline: training mean,2.9186684533970375,3.5110421237501206,-0.0038309106706146956,,449,positive affect (1-16)
temporal,all features,baseline: person mean (training days),2.5069353524015914,3.1510583035987936,0.19146027461125237,0.42952179550788133,449,positive affect (1-16)
temporal,all features,baseline: yesterday's value,2.7847455396884135,3.6651636663874303,-0.0938939743794065,0.39884794784609745,449,positive affect (1-16)
temporal,all features,baseline: person running mean,2.483279189472927,3.131489488015162,0.2014715365874824,0.4343281556164368,449,positive affect (1-16)
temporal,all features,ridge,2.549977987794841,3.187940153906577,0.17242225228929586,0.4066028328954162,449,positive affect (1-16)
leave-students-out,all features,ridge,2.206489281262188,2.7941501595636553,0.11544180706696094,0.3615699022826185,2246,positive affect (1-16)
leave-students-out,all features,baseline: training mean,2.430735961722016,3.0030665303302673,-0.021778672446491454,-0.1983839686373107,2246,positive affect (1-16)
leave-students-out,all features,baseline: yesterday's value,2.552213425317017,3.3707085676956385,-0.28726907453961514,0.31800225839825236,2246,positive affect (1-16)
leave-students-out,all features,baseline: person running mean,2.1559963599001963,2.7439005552568445,0.14697126474241506,0.39831549856442244,2246,positive affect (1-16)
temporal,mood history,ridge,2.53173297700763,3.1580888302737113,0.1878482807735674,0.4361001243780646,449,positive affect (1-16)
temporal,sleep,ridge,2.918360487610806,3.515523365296509,-0.006394981021495161,0.08391474912675251,449,positive affect (1-16)
temporal,activity & social,ridge,2.9226758251520075,3.510838161943066,-0.0037142859122782923,0.09424190809065136,449,positive affect (1-16)
temporal,phone darkness (light proxy),ridge,2.9091681454611917,3.5021588244059885,0.00124225522871102,0.0658157927995853,449,positive affect (1-16)
temporal,calendar & workload,ridge,2.918874941258909,3.512171629642004,-0.004476881448350678,-0.006864487444245893,449,positive affect (1-16)
temporal,all except mood history,ridge,2.9002566124316727,3.5033232930360096,0.0005779704411538189,0.0970636976401938,449,positive affect (1-16)
temporal,all features,baseline: training mean,0.8133489530819142,1.0677591771086647,-0.009088347834864674,,245,stress (1-5)
temporal,all features,baseline: person mean (training days),0.7522082344085895,0.9613944836243785,0.18193875740329757,0.4334673148197531,245,stress (1-5)
temporal,all features,baseline: yesterday's value,0.6663182182774151,0.9675171559855283,0.17148587849173236,0.5452151197726728,245,stress (1-5)
temporal,all features,baseline: person running mean,0.7303087583848183,0.9356538444236627,0.2251583120983266,0.463232001100348,245,stress (1-5)
temporal,all features,ridge,0.7850593870197003,1.0181217780780933,0.08255081252030638,0.3642130018212121,245,stress (1-5)
