table,paper_row,feature,outcome,paper_r,paper_p,our_r,our_p,n,same_direction,our_p_le_0.05
3,sleep duration (pre),sleep_h,phq9_pre,-0.36,0.025,-0.18,0.2307,46,True,False
3,sleep duration (post),sleep_h,phq9_post,-0.382,0.02,-0.166,0.3182,38,True,False
3,conversation frequency during day (pre),conv_freq_day,phq9_pre,-0.403,0.01,-0.377,0.0097,46,True,True
3,conversation frequency during day (post),conv_freq_day,phq9_post,-0.387,0.016,-0.387,0.0165,38,True,True
3,conversation frequency during evening (post),conv_freq_evening,phq9_post,-0.345,0.034,-0.407,0.0112,38,True,True
3,conversation duration during day (post),conv_min_day,phq9_post,-0.328,0.044,-0.311,0.0572,38,True,False
3,number of co-locations (post),colocations,phq9_post,-0.362,0.025,-0.325,0.0461,38,True,True
5,conversation duration (pre),conv_min,flourishing_pre,0.294,0.066,0.356,0.0163,45,True,True
5,conversation duration during evening (pre),conv_min_evening,flourishing_pre,0.362,0.022,0.363,0.0143,45,True,True
5,number of co-locations (post),colocations,flourishing_post,0.324,0.05,0.393,0.0162,37,True,True
6,conversation duration (post),conv_min,pss_post,-0.357,0.026,-0.358,0.0253,39,True,True
6,conversation frequency (post),conv_freq,pss_post,-0.394,0.013,-0.399,0.0118,39,True,True
6,conversation duration during day (post),conv_min_day,pss_post,-0.401,0.011,-0.392,0.0135,39,True,True
6,conversation frequency during day (pre),conv_freq_day,pss_pre,-0.524,0.001,-0.181,0.2285,46,True,False
6,conversation frequency during evening (pre),conv_freq_evening,pss_pre,-0.386,0.015,-0.145,0.3357,46,True,False
6,sleep duration (pre),sleep_h,pss_pre,-0.355,0.024,-0.166,0.2702,46,True,False
7,activity duration (post),activity_min,loneliness_post,-0.388,0.018,-0.291,0.0809,37,True,False
7,activity duration for day (post),activity_min_day,loneliness_post,-0.326,0.049,-0.236,0.1605,37,True,False
7,activity duration for evening (post),activity_min_evening,loneliness_post,-0.464,0.004,-0.369,0.0245,37,True,True
7,traveled distance (post),distance_km,loneliness_post,-0.338,0.044,-0.264,0.1139,37,True,False
7,traveled distance for day (post),distance_km_day,loneliness_post,-0.336,0.042,-0.266,0.1113,37,True,False
7,indoor mobility for day (post),indoor_mobility_min_day,loneliness_post,-0.332,0.045,-0.216,0.1985,37,True,False
8,flourishing (pre) ~ positive affect,pa,flourishing_pre,0.47,0.002,0.108,0.4811,45,True,False
8,loneliness (post) ~ positive affect,pa,loneliness_post,-0.39,0.02,0.119,0.4816,37,False,False
8,loneliness (post) ~ stress,stress,loneliness_post,0.344,0.037,0.323,0.0509,37,True,False
8,PHQ-9 (post) ~ stress,stress,phq9_post,0.412,0.01,0.431,0.0068,38,True,True
8,PSS (pre) ~ positive affect,pa,pss_pre,-0.387,0.012,-0.009,0.9517,46,True,False
8,PSS (post) ~ positive affect,pa,pss_post,-0.373,0.019,-0.053,0.7483,39,True,False
8,PSS (pre) ~ stress,stress,pss_pre,0.458,0.003,0.452,0.0018,45,True,True
8,PSS (post) ~ stress,stress,pss_post,0.412,0.009,0.436,0.0055,39,True,True
9,spring GPA ~ conversation duration (day),conv_min_day,gpa_spring,0.356,0.033,0.357,0.0526,30,True,False
9,spring GPA ~ conversation frequency (day),conv_freq_day,gpa_spring,0.334,0.046,0.255,0.1743,30,True,False
9,spring GPA ~ indoor mobility,indoor_mobility_min,gpa_spring,-0.361,0.031,-0.62,0.0003,30,True,True
9,spring GPA ~ indoor mobility (day),indoor_mobility_min_day,gpa_spring,-0.352,0.036,-0.592,0.0006,30,True,True
9,spring GPA ~ indoor mobility (night),indoor_mobility_min_night,gpa_spring,-0.359,0.032,-0.597,0.0005,30,True,True
9,overall GPA ~ activity duration,activity_min,gpa_overall,-0.36,0.03,-0.317,0.0879,30,True,False
9,overall GPA ~ activity duration std deviation,activity_min_sd,gpa_overall,-0.479,0.004,-0.477,0.0076,30,True,True
9,overall GPA ~ indoor mobility,indoor_mobility_min,gpa_overall,-0.413,0.014,-0.367,0.046,30,True,True
9,overall GPA ~ indoor mobility (day),indoor_mobility_min_day,gpa_overall,-0.376,0.026,-0.415,0.0224,30,True,True
9,overall GPA ~ indoor mobility (night),indoor_mobility_min_night,gpa_overall,-0.508,0.002,-0.405,0.0264,30,True,True
9,overall GPA ~ number of co-locations,colocations,gpa_overall,0.447,0.013,0.431,0.0175,30,True,True
