uid,sleep_h,activity_min,activity_min_day,activity_min_evening,activity_min_night,conv_freq,conv_freq_day,conv_freq_evening,conv_freq_night,conv_min,conv_min_day,conv_min_evening,conv_min_night,colocations,distance_km,distance_km_day,indoor_mobility_min,indoor_mobility_min_day,indoor_mobility_min_night,dark_min,dark_morning_min,activity_min_sd,valid_days,sleep_nights,pa,n_pam_total,stress,n_stress_total,sleep_hours_sr,phq9_post,phq9_pre,pss_post,pss_pre,flourishing_post,flourishing_pre,loneliness_post,loneliness_pre,gpa_overall,gpa_spring,cs65
u00,6.02407552872002,117.32142857142857,69.82142857142857,28.035714285714285,19.464285714285715,34.19642857142857,16.839285714285715,11.127272727272727,7.0588235294117645,431.1479166666667,267.05238095238093,103.83424242424242,68.20522875816994,46.17391304347826,18.895511705326573,6.964140583188487,30.178571428571427,23.571428571428573,2.5,518.1384848484848,117.78423423423423,75.73857120933276,56.0,58,8.572625698324023,358.0,3.121212121212121,66.0,6.21031746031746,3.0,2.0,15.0,24.0,45.0,49.142857142857146,40.0,32.0,,,
u01,6.146035098679473,76.49122807017544,56.666666666666664,17.894736842105264,1.9298245614035088,42.63265306122449,18.897959183673468,13.857142857142858,10.083333333333334,543.8731292517007,236.50918367346935,218.67925170068025,90.53229166666667,19.60377358490566,4.353407349408873,2.7838046042344735,45.08771929824562,35.43859649122807,0.8771929824561403,734.6733333333333,223.95138888888889,45.138328188793146,57.0,60,10.19548872180451,133.0,2.875,32.0,6.115384615384615,4.0,5.0,16.0,15.0,46.0,45.0,38.0,31.0,2.863,1.777777778,3.0
u02,6.237786831683893,87.27272727272727,55.90909090909091,27.272727272727273,4.090909090909091,22.815384615384616,12.163934426229508,9.909090909090908,5.157894736842105,323.1151282051282,190.17896174863387,137.10545454545453,48.96754385964912,54.61538461538461,4.990946952244186,3.2962299527604935,43.484848484848484,25.303030303030305,3.1818181818181817,563.3142857142858,146.05393939393937,34.12851073157522,66.0,66,9.11111111111111,216.0,2.933333333333333,30.0,6.447916666666667,5.0,13.0,25.0,21.0,44.0,46.0,28.0,32.0,3.505,4.0,4.0
u03,6.801462567949496,17.959183673469386,17.142857142857142,0.8163265306122449,0.0,10.609756097560975,8.029411764705882,4.785714285714286,2.3333333333333335,95.14186991869919,90.24264705882354,25.857738095238094,9.045833333333333,11.615384615384615,1.6580325463128163,1.4557488689284346,10.612244897959183,10.0,0.0,511.5571428571429,142.2578431372549,24.322451205687745,49.0,51,8.114285714285714,105.0,2.5172413793103448,29.0,6.571428571428571,4.0,2.0,24.0,17.0,31.0,34.0,50.0,50.0,,,
u04,5.831499496409574,160.35087719298247,90.52631578947368,48.24561403508772,21.57894736842105,47.96491228070175,25.12280701754386,15.456140350877194,7.517857142857143,440.11081871345027,237.80584795321636,144.85760233918128,58.473214285714285,49.421052631578945,5.526534521374606,3.2439648215570367,67.89473684210526,40.35087719298246,7.543859649122807,927.3172514619883,152.00277777777777,48.21695434924102,57.0,58,8.695652173913043,207.0,3.7674418604651163,43.0,5.7592592592592595,8.0,6.0,17.0,21.0,33.0,27.0,51.0,54.0,3.029,3.5,4.0
u05,6.06005708741569,51.48148148148148,34.629629629629626,13.333333333333334,3.5185185185185186,26.90740740740741,15.584905660377359,9.673469387755102,4.026315789473684,302.97345679012346,189.41572327044025,110.21972789115645,24.230701754385965,63.03703703703704,3.670792959022225,2.466550081537691,17.77777777777778,10.37037037037037,1.6666666666666667,689.5006535947713,165.9829268292683,32.47102670262048,54.0,57,9.956521739130435,23.0,2.125,8.0,6.25,0.0,2.0,7.0,7.0,50.0,48.0,,31.0,3.679,3.777777778,4.0
u07,6.2733550992014715,64.46808510638297,40.0,20.638297872340427,3.8297872340425534,33.02439024390244,13.615384615384615,11.81578947368421,10.38888888888889,326.8691056910569,189.84273504273506,112.38333333333333,47.97777777777778,28.04255319148936,3.5244199137240146,1.8039435180628396,29.78723404255319,19.78723404255319,1.2765957446808511,754.9492592592593,219.84545454545454,53.68217705356211,47.0,48,10.127659574468085,141.0,2.1923076923076925,52.0,6.0125,8.0,7.0,28.0,12.0,47.0,49.0,43.0,42.0,3.474,4.0,4.0
u08,5.798622118052586,92.41935483870968,46.935483870967744,37.25806451612903,8.225806451612904,40.37096774193548,16.483870967741936,15.435483870967742,8.733333333333333,393.2306451612903,166.8715053763441,164.5255376344086,63.89472222222222,61.47540983606557,3.2977255713005187,1.595771016740501,45.0,20.967741935483872,3.870967741935484,590.9709677419354,185.95536723163843,43.671106247591425,62.0,64,8.96137339055794,233.0,3.6704545454545454,88.0,6.21969696969697,,5.0,,23.0,,37.714285714285715,,34.0,3.705,3.333333333,4.0
u09,6.145364475682019,73.79310344827586,47.06896551724138,20.517241379310345,6.206896551724138,36.08620689655172,20.67241379310345,13.23076923076923,5.024390243902439,454.10689655172416,247.848275862069,196.85032051282053,42.11666666666667,42.53703703703704,6.534206034302699,4.88159900561539,31.03448275862069,19.82758620689655,1.206896551724138,595.2122807017544,166.50064102564102,35.03519965350619,58.0,61,11.066666666666666,15.0,2.3333333333333335,3.0,6.5,2.0,4.0,17.0,13.0,47.0,46.0,35.0,40.0,3.806,3.777777778,3.666666667
u10,6.3037459815012395,57.72727272727273,30.90909090909091,13.333333333333334,13.484848484848484,34.24242424242424,18.96969696969697,13.396825396825397,2.981818181818182,291.4858585858586,198.61944444444444,84.80132275132276,14.303636363636365,73.13846153846154,2.983911170752212,1.7631508701839316,28.78787878787879,18.181818181818183,5.606060606060606,636.8343915343916,123.94528301886793,21.39701305865302,66.0,66,9.785016286644952,307.0,2.6792452830188678,106.0,6.430232558139535,4.0,0.0,15.0,20.0,39.0,39.0,62.0,64.0,3.667,3.777777778,4.0
u12,6.20062055701805,46.81818181818182,33.78787878787879,8.787878787878787,4.242424242424242,27.21212121212121,15.575757575757576,9.4,3.019230769230769,326.78661616161617,207.03131313131314,98.0748717948718,29.40352564102564,28.424242424242426,22.01714677406138,15.694970259159986,17.424242424242426,14.545454545454545,1.6666666666666667,727.8073232323233,143.94019607843137,37.994294750217875,66.0,66,9.03061224489796,196.0,3.2333333333333334,30.0,6.458333333333333,,1.0,,11.0,,49.0,,44.0,3.245,2.583333333,2.333333333
u13,6.063664184589593,43.07692307692308,24.03846153846154,12.5,6.538461538461538,34.96078431372549,17.2,14.938775510204081,4.658536585365853,241.21176470588233,116.61366666666667,107.24013605442177,29.667073170731705,53.92307692307692,16.42825333003173,8.474038070213643,19.807692307692307,10.576923076923077,3.269230769230769,538.6940972222222,178.67416666666665,40.56166748024889,52.0,55,11.0,3.0,,,6.5,,4.0,,25.0,,44.0,,47.0,,,
u14,5.911870811695867,130.75471698113208,40.37735849056604,63.77358490566038,26.60377358490566,32.37735849056604,15.50943396226415,12.617021276595745,6.02,478.69716981132075,222.55786163522015,203.85638297872342,79.88266666666667,64.12244897959184,2.8835897864173954,1.4174357444675714,80.94339622641509,19.056603773584907,17.547169811320753,711.6054347826087,178.63846153846154,83.96082091354307,53.0,55,8.151041666666666,192.0,3.945945945945946,37.0,6.0,3.0,1.0,14.0,9.0,53.0,52.0,28.0,29.0,3.293,3.888888889,3.666666667
u15,6.111031240877352,48.07692307692308,33.07692307692308,8.846153846153847,6.153846153846154,30.03846153846154,15.76923076923077,12.125,3.8095238095238093,362.67820512820515,195.71153846153845,143.57222222222222,42.63809523809524,44.36,3.5908622032642072,2.609877380759574,13.076923076923077,6.538461538461538,3.076923076923077,570.1570175438596,198.68666666666667,24.33421143480606,26.0,30,9.291666666666666,48.0,3.1,10.0,6.0,1.0,3.0,11.0,22.0,48.0,43.0,26.0,28.0,2.815,3.333333333,3.666666667
u16,6.22906619731657,60.166666666666664,35.666666666666664,22.166666666666668,2.3333333333333335,30.24074074074074,14.795918367346939,13.52,5.523809523809524,301.94074074074075,158.27074829931973,140.64433333333332,36.1265873015873,40.89473684210526,2.9758208907479524,1.8616110261372334,24.666666666666668,14.0,0.3333333333333333,459.31666666666666,156.06266666666667,42.32608149995984,60.0,62,9.429378531073446,354.0,3.7196261682242993,107.0,6.508474576271187,12.0,6.0,26.0,24.0,41.0,42.0,41.0,35.0,3.373,4.0,4.0
u17,6.195499180378154,50.63492063492063,40.15873015873016,9.841269841269842,0.6349206349206349,21.714285714285715,13.380952380952381,6.222222222222222,3.2439024390243905,227.72698412698412,160.73306878306877,51.783068783068785,23.372764227642275,38.693548387096776,2.1478599773972222,1.5509286848875747,20.0,16.666666666666668,0.15873015873015872,759.427868852459,194.15791666666667,33.160071980982224,63.0,65,11.357142857142858,210.0,4.857142857142857,42.0,4.953030303030303,18.0,13.0,34.0,33.0,38.0,37.0,55.0,51.0,3.476,3.333333333,4.0
u18,6.2335593635034305,44.80769230769231,24.615384615384617,14.423076923076923,5.769230769230769,24.256410256410255,11.891891891891891,9.64864864864865,6.208333333333333,301.6222222222222,170.55315315315315,107.06666666666666,62.138888888888886,37.76315789473684,2.211688890042693,1.4204506183111922,14.23076923076923,8.076923076923077,1.1538461538461537,584.3554166666667,123.66304347826087,37.599039652701634,52.0,54,11.372549019607844,153.0,3.375,16.0,5.541666666666667,12.0,15.0,24.0,27.0,,37.0,64.0,57.0,3.474,3.333333333,3.333333333
u19,6.136692968945065,47.03125,30.78125,13.28125,2.96875,27.983050847457626,16.980392156862745,11.981481481481481,3.45,290.1327683615819,200.51830065359476,111.04197530864197,22.378333333333334,52.078125,3.0926513307900665,1.7073452237369882,20.15625,12.96875,0.78125,650.7455026455026,178.68,32.498092129592656,64.0,64,12.02116402116402,378.0,3.4725274725274726,91.0,6.505102040816326,4.0,5.0,21.0,20.0,42.0,42.0,53.0,55.0,3.947,3.777777778,3.333333333
u20,6.098329210901747,35.5,22.0,10.5,3.0,23.8,11.692307692307692,9.64864864864865,4.212121212121212,177.24375,93.33803418803419,71.57882882882882,24.277272727272727,19.65,1.5230569749522807,0.7184941644714724,22.5,14.25,1.25,622.4279761904762,200.24358974358972,30.293436709827226,40.0,44,6.391304347826087,46.0,2.9,10.0,5.708333333333333,8.0,8.0,18.0,14.0,45.0,45.0,41.0,33.0,,,
u22,6.2389394928164705,64.8,39.2,22.0,3.6,28.485714285714284,12.714285714285714,9.733333333333333,8.666666666666666,283.6295238095238,133.74285714285713,121.86277777777778,53.004999999999995,24.282608695652176,2.407364388281721,1.4311402638254747,45.2,28.2,2.8,746.1897959183674,172.0141414141414,41.905627696683666,50.0,55,7.131707317073171,205.0,2.6,55.0,6.7105263157894735,,3.0,,6.0,,46.0,,55.0,3.889,3.916666667,4.0
u23,5.974509211006315,27.5,15.357142857142858,0.5357142857142857,11.607142857142858,23.035714285714285,12.839285714285714,4.431372549019608,6.509433962264151,178.42142857142858,103.20535714285714,27.127450980392158,53.369811320754714,20.696428571428573,1.3613277328781006,0.6929193010543091,15.535714285714286,9.107142857142858,5.892857142857143,774.210909090909,114.9355072463768,27.846984494816404,56.0,56,5.4480519480519485,154.0,2.909090909090909,44.0,6.363636363636363,21.0,11.0,22.0,27.0,42.0,35.0,50.0,47.0,,,
u24,6.0735881178293125,77.66666666666667,36.0,23.0,18.666666666666668,35.10344827586207,14.482758620689655,14.428571428571429,6.689655172413793,426.798275862069,193.22758620689658,163.99226190476188,75.23333333333332,32.9,3.53587306844011,1.3057711795992366,52.333333333333336,21.666666666666668,13.333333333333334,515.873076923077,201.46041666666667,70.45092854841116,30.0,31,7.8354430379746836,158.0,3.4871794871794872,39.0,6.397058823529412,7.0,5.0,14.0,18.0,43.0,41.0,56.0,52.0,2.987,3.222222222,3.333333333
u25,5.913282716121201,83.0,37.5,41.5,4.0,30.55,14.9,11.947368421052632,5.375,437.43499999999995,236.34,176.80087719298245,41.41770833333333,28.45,2.6125846851604235,1.776838273769067,26.5,14.5,2.0,483.0708333333333,103.43611111111112,70.79250629387562,20.0,26,9.703296703296703,91.0,2.85,20.0,6.152777777777778,,,,,,,,,2.765,3.333333333,3.666666667
u27,6.101829976784284,32.74193548387097,19.677419354838708,10.0,3.064516129032258,35.644067796610166,13.11864406779661,15.689655172413794,7.7592592592592595,269.75282485875704,117.92542372881357,109.59971264367817,48.16728395061728,34.16393442622951,1.726727690255882,1.0590307049599492,17.419354838709676,9.516129032258064,1.7741935483870968,527.4972222222221,188.6386666666667,25.554144050617385,62.0,62,9.415730337078651,178.0,3.52,25.0,5.233333333333333,7.0,5.0,23.0,18.0,31.0,31.0,50.0,49.0,3.719,3.333333333,3.0
u30,5.975937254270675,105.42372881355932,54.74576271186441,32.88135593220339,17.796610169491526,34.25423728813559,17.1864406779661,12.931034482758621,5.976744186046512,518.8265536723164,273.7785310734463,190.5609195402299,79.19302325581396,81.91228070175438,3.3349269000779653,2.3200638670621694,42.3728813559322,20.677966101694917,8.305084745762711,675.4652046783625,207.4790476190476,75.20826334593424,59.0,61,9.901408450704226,142.0,2.466666666666667,30.0,6.0625,0.0,1.0,12.0,9.0,56.0,52.0,26.0,26.0,3.93,3.916666667,4.0
u31,5.509994080016999,72.62295081967213,36.39344262295082,27.540983606557376,8.688524590163935,42.83050847457627,16.637931034482758,12.537037037037036,16.09090909090909,330.2209039548022,155.21494252873563,100.69907407407408,91.68757575757576,35.0,11.401952262591282,5.205930201439276,33.60655737704918,16.721311475409838,4.918032786885246,538.4802777777778,165.42152777777778,58.24951042267115,61.0,63,8.857142857142858,77.0,2.6666666666666665,12.0,5.277777777777778,5.0,12.0,21.0,24.444444444444446,36.0,16.0,43.0,44.0,,,
u32,6.241524868851994,106.66666666666667,48.59649122807018,46.31578947368421,11.75438596491228,34.125,20.208333333333332,12.581395348837209,3.735294117647059,501.0135416666667,268.73125,221.3356589147287,48.003431372549024,52.18,5.036166659294874,2.769757267117797,69.12280701754386,28.24561403508772,9.649122807017545,676.9556603773585,207.39569892473116,80.20806277010642,57.0,59,9.957446808510639,235.0,2.5,66.0,6.608695652173913,2.0,4.0,8.0,3.0,56.0,54.0,31.0,28.0,3.826,3.888888889,4.0
u33,6.004451178913339,62.745098039215684,35.88235294117647,23.137254901960784,3.7254901960784315,17.392156862745097,9.479166666666666,6.4375,2.86046511627907,306.27581699346405,155.8111111111111,152.27256944444443,19.349999999999998,19.681818181818183,2.45999673563566,1.4514268859951056,26.666666666666668,15.294117647058824,0.9803921568627451,732.8457516339869,219.69408602150537,39.45014227465087,51.0,52,8.334494773519165,287.0,3.413793103448276,58.0,6.078703703703704,25.0,23.0,33.0,33.0,28.0,31.0,61.0,62.0,2.815,2.777777778,4.0
u34,6.407323192752466,62.22222222222222,35.925925925925924,24.444444444444443,1.8518518518518519,35.708333333333336,18.458333333333332,15.541666666666666,3.4166666666666665,355.7604166666667,180.1215277777778,163.99652777777777,23.284722222222225,26.125,22.812403571130144,9.503785588178367,31.48148148148148,17.77777777777778,1.4814814814814814,373.3539682539683,161.10666666666665,54.160256030906396,27.0,36,8.775510204081632,49.0,2.6666666666666665,6.0,5.928571428571429,6.0,3.0,14.0,14.0,23.0,49.0,37.0,38.0,,,
u35,6.717147084744408,48.41269841269841,28.571428571428573,18.253968253968253,1.5873015873015872,23.316666666666666,13.859649122807017,11.6,2.230769230769231,208.04,118.67748538011696,109.82799999999999,17.414102564102564,17.03174603174603,5.7875009397818715,3.03797621960413,27.3015873015873,14.761904761904763,1.4285714285714286,304.3777777777778,150.05,53.46709416762948,63.0,65,8.895,200.0,2.717948717948718,39.0,5.912878787878788,7.0,7.0,16.0,14.0,44.0,48.0,40.0,37.0,,,
u36,6.042750042140541,78.38709677419355,45.483870967741936,26.774193548387096,6.129032258064516,33.46296296296296,18.307692307692307,13.18,4.454545454545454,222.30833333333334,121.71378205128205,89.899,26.83143939393939,38.644067796610166,16.76434106159209,9.720645291664368,30.64516129032258,16.612903225806452,3.7096774193548385,708.6336021505376,207.40128205128207,53.68986680920787,62.0,64,8.24705882352941,255.0,3.267857142857143,56.0,6.274193548387097,1.0,2.0,18.0,12.0,46.0,46.0,33.0,34.0,,,
u39,6.450764542670302,5.0,4.444444444444445,0.5555555555555556,0.0,21.625,10.6875,9.076923076923077,4.384615384615385,89.16770833333334,41.159375,44.91153846153846,14.175641025641026,6.055555555555555,4.5239970044610525,2.2372639645362433,1.6666666666666667,1.6666666666666667,0.0,359.9066666666667,117.13333333333334,10.431851677040118,18.0,20,7.8,10.0,3.0,10.0,6.428571428571429,,3.0,,,,15.0,,35.0,,,
u41,6.176317635509972,41.31578947368421,26.842105263157894,10.263157894736842,4.2105263157894735,26.13157894736842,11.868421052631579,8.63888888888889,6.416666666666667,288.130701754386,135.73815789473684,85.76898148148149,75.08981481481482,41.13513513513514,2.0663254484131253,1.211650818684823,22.63157894736842,14.736842105263158,2.3684210526315788,409.5516129032258,189.625,32.811587655811806,38.0,43,8.558441558441558,77.0,4.0,11.0,6.361111111111111,,,,,,,,,3.652,3.777777778,4.0
u42,6.378587975825508,41.13636363636363,30.681818181818183,9.090909090909092,1.3636363636363635,27.128205128205128,14.631578947368421,12.181818181818182,5.0,280.94401709401706,171.51052631578946,121.889898989899,20.8525,26.795454545454547,15.78296270060785,9.737920583555558,22.045454545454547,14.318181818181818,0.9090909090909091,577.05,207.05833333333334,35.582587137525245,44.0,44,7.156716417910448,134.0,2.2758620689655173,29.0,5.729166666666667,0.0,1.0,15.0,24.0,16.0,45.0,35.0,28.0,,,
u43,6.236174764608682,91.70212765957447,65.95744680851064,21.70212765957447,4.042553191489362,32.23913043478261,18.444444444444443,13.674418604651162,3.0952380952380953,326.45978260869566,193.72555555555556,136.78217054263567,19.8984126984127,39.30434782608695,4.626919576940689,3.643094746899802,20.851063829787233,14.893617021276595,0.2127659574468085,653.2313008130081,192.50555555555553,53.17400267604505,47.0,50,8.513392857142858,224.0,3.5454545454545454,77.0,6.282608695652174,4.0,7.0,13.0,21.0,42.0,47.0,43.0,40.0,3.79,4.0,4.0
u44,6.541081227499324,27.5,20.714285714285715,5.535714285714286,1.25,25.11111111111111,17.452830188679247,8.297872340425531,2.411764705882353,192.84043209876543,144.87924528301886,53.923758865248224,11.786274509803922,33.88,7.0975294767430075,4.423662281791156,20.892857142857142,15.0,1.25,410.51958333333334,180.12708333333333,20.73644135332772,56.0,58,8.68,225.0,2.8850574712643677,87.0,7.0625,2.0,1.0,20.0,18.0,41.0,48.0,44.0,27.0,,,
u45,6.22564533237564,43.75,28.125,12.5,3.125,33.53125,15.84375,13.903225806451612,5.4,349.8651041666667,189.07864583333333,130.34139784946237,44.18333333333333,36.827586206896555,18.248954207284058,11.150507161101867,25.0,15.9375,2.1875,597.8487179487179,214.25185185185185,36.69842222151229,32.0,37,7.811881188118812,101.0,2.1785714285714284,28.0,6.35,2.0,7.0,20.0,23.333333333333336,49.0,48.0,43.0,47.0,,,
u46,5.948412324925087,182.26415094339623,57.35849056603774,84.71698113207547,40.18867924528302,35.735849056603776,17.26,13.470588235294118,6.615384615384615,446.5022012578616,176.23,214.43333333333334,75.32724358974359,60.056603773584904,5.560937806784694,2.0151251927504066,111.32075471698113,31.132075471698112,21.32075471698113,537.5346405228759,155.2908163265306,86.5945794500477,53.0,53,8.226315789473684,190.0,3.606060606060606,33.0,5.697368421052632,,10.0,30.0,31.0,44.0,42.0,,32.0,3.646,1.111111111,4.0
u47,6.2301093994675885,48.37837837837838,24.594594594594593,19.45945945945946,4.324324324324325,22.97222222222222,10.916666666666666,9.085714285714285,3.7419354838709675,153.49074074074076,76.86944444444445,56.55047619047619,25.13225806451613,33.97222222222222,9.389968612702608,3.6465147754412426,35.13513513513514,18.37837837837838,1.6216216216216217,337.68333333333334,222.05952380952382,59.88477424342673,37.0,40,7.405940594059406,101.0,3.0,13.0,5.59375,1.0,5.0,28.0,14.0,52.0,,26.0,25.0,,,
u49,5.669342049886896,44.09836065573771,23.278688524590162,16.39344262295082,4.426229508196721,33.63265306122449,17.5,10.186046511627907,9.024390243902438,294.6323129251701,163.32222222222222,73.60891472868217,83.71544715447155,55.94444444444444,6.04728941486369,3.1220595175442933,11.967213114754099,5.737704918032787,1.8032786885245902,599.7035087719298,134.3962962962963,39.00329256102736,61.0,62,9.495798319327731,238.0,2.540983606557377,61.0,5.769736842105263,8.0,2.0,8.0,16.0,55.0,51.0,29.0,32.0,3.625,3.777777778,4.0
u50,6.396058908689743,25.151515151515152,13.030303030303031,6.363636363636363,5.757575757575758,24.272727272727273,11.8125,11.064516129032258,4.0,167.39292929292927,98.27864583333333,62.524193548387096,22.04,37.59375,1.3342880499171392,0.7391932749077814,13.030303030303031,7.2727272727272725,3.0303030303030303,518.918,228.3574074074074,25.87484445861609,33.0,34,8.788461538461538,52.0,4.0,4.0,5.916666666666667,,7.0,,19.0,,48.0,,41.0,,,
u51,6.473998568781915,108.18181818181819,58.333333333333336,43.18181818181818,6.666666666666667,29.784615384615385,15.603174603174603,13.370967741935484,4.428571428571429,224.8028205128205,130.39285714285714,91.23521505376344,26.458928571428572,37.5625,5.577840791742988,2.910380536998793,46.81818181818182,25.757575757575758,3.9393939393939394,590.5184895833333,182.17499999999998,70.59982765089207,66.0,66,6.937716262975779,289.0,3.340909090909091,44.0,5.954545454545454,0.0,1.0,12.0,14.0,48.0,40.0,38.0,41.0,,,
u52,6.197666619174023,222.6315789473684,103.50877192982456,62.280701754385966,56.8421052631579,11.947368421052632,5.4423076923076925,6.39622641509434,2.8095238095238093,88.77280701754387,35.27820512820513,54.71666666666667,15.504761904761907,40.24561403508772,3.397127819033463,1.9004419914759498,215.6140350877193,98.7719298245614,55.78947368421053,628.7214285714286,79.06477272727273,351.9158093097059,57.0,59,8.315068493150685,219.0,3.097560975609756,41.0,6.159090909090909,15.0,12.0,29.0,22.0,37.0,34.0,32.0,60.0,2.4,1.0,0.0
u53,6.09153429536607,33.96551724137931,22.75862068965517,9.827586206896552,1.3793103448275863,30.724137931034484,13.206896551724139,10.578947368421053,8.978260869565217,290.92241379310343,148.4362068965517,104.55000000000001,50.1054347826087,32.1578947368421,3.3498582639305887,1.8827747368731245,19.137931034482758,12.758620689655173,0.8620689655172413,592.1382575757575,203.96916666666667,32.763889791799315,58.0,59,10.314553990610328,213.0,3.236842105263158,38.0,5.910714285714286,11.0,8.0,20.0,23.0,49.0,50.0,35.0,34.0,,,
u54,5.881113365167018,91.25,47.5,29.5,14.25,27.775,14.513513513513514,9.333333333333334,7.67741935483871,295.29,145.6216216216216,111.41157407407407,77.83172043010752,56.285714285714285,4.172256795732037,2.324513914718592,23.75,12.75,3.5,586.95375,170.51712962962964,76.16404360629457,40.0,43,7.585858585858586,99.0,3.15,20.0,5.291666666666667,,,26.0,19.0,,,,,3.343,3.444444444,4.0
u56,6.367617325096059,53.09090909090909,35.81818181818182,17.09090909090909,0.18181818181818182,25.21818181818182,14.462962962962964,10.320754716981131,3.6875,217.60696969696968,96.10339506172839,119.52264150943395,27.75625,14.222222222222221,7.2006268121728025,3.637417319239715,10.545454545454545,7.636363636363637,0.0,533.2349206349206,103.12753623188406,40.954931294123746,55.0,56,10.602272727272727,88.0,2.263157894736842,19.0,7.2,3.0,2.0,9.0,11.0,48.0,46.0,38.0,39.0,,,
u57,6.039363273059628,114.76923076923077,62.61538461538461,39.07692307692308,13.076923076923077,34.44615384615385,16.56923076923077,12.692307692307692,7.170212765957447,376.43897435897435,172.01641025641027,156.22179487179486,66.66063829787234,50.98461538461538,7.780266676751239,3.63000224932114,80.76923076923077,41.84615384615385,10.923076923076923,652.6151282051281,200.70961538461538,47.305777009383725,65.0,66,9.385026737967914,374.0,3.298507462686567,67.0,6.233333333333333,,0.0,,9.0,,50.0,,44.0,3.389,2.666666667,4.0
u58,6.348238784162793,59.01639344262295,32.78688524590164,23.60655737704918,2.622950819672131,27.9,15.833333333333334,11.478260869565217,3.34375,393.2123333333333,207.94444444444446,185.06123188405795,36.452083333333334,23.21311475409836,7.750773226699734,5.604179426076601,36.885245901639344,18.0327868852459,1.4754098360655739,609.438596491228,145.34736842105264,41.46102258076401,61.0,63,5.761467889908257,327.0,3.2545454545454544,55.0,6.1,8.0,5.0,,20.0,,51.0,40.0,51.0,,,
u59,5.6026916622175875,127.5,62.32142857142857,42.5,22.678571428571427,64.82142857142857,26.946428571428573,24.321428571428573,14.055555555555555,440.20148809523806,185.81815476190474,155.5139880952381,102.53117283950617,32.83018867924528,6.214425200479183,2.5168836615618098,98.75,47.67857142857143,19.821428571428573,482.4684523809524,155.06074074074075,63.19522421541333,56.0,61,9.494199535962878,431.0,2.6603053435114505,262.0,5.703125,7.0,5.0,13.0,18.0,50.0,43.0,30.0,37.0,3.519,3.555555556,3.666666667
